{
    "name": "root",
    "gauges": {
        "MoveThroughCheckpoints.Policy.Entropy.mean": {
            "value": 2.0393335819244385,
            "min": 1.9295533895492554,
            "max": 2.11712646484375,
            "count": 12
        },
        "MoveThroughCheckpoints.Policy.Entropy.sum": {
            "value": 101167.2578125,
            "min": 96786.3984375,
            "max": 106672.296875,
            "count": 12
        },
        "MoveThroughCheckpoints.Step.mean": {
            "value": 599952.0,
            "min": 49952.0,
            "max": 599952.0,
            "count": 12
        },
        "MoveThroughCheckpoints.Step.sum": {
            "value": 599952.0,
            "min": 49952.0,
            "max": 599952.0,
            "count": 12
        },
        "MoveThroughCheckpoints.Policy.ExtrinsicValueEstimate.mean": {
            "value": -7027.16748046875,
            "min": -7027.16748046875,
            "max": -16.098779678344727,
            "count": 12
        },
        "MoveThroughCheckpoints.Policy.ExtrinsicValueEstimate.sum": {
            "value": -5628761.0,
            "min": -5628761.0,
            "max": -12782.4306640625,
            "count": 12
        },
        "MoveThroughCheckpoints.Losses.PolicyLoss.mean": {
            "value": 0.022264069265511353,
            "min": 0.022264069265511353,
            "max": 0.02566596211812187,
            "count": 12
        },
        "MoveThroughCheckpoints.Losses.PolicyLoss.sum": {
            "value": 0.11132034632755677,
            "min": 0.09147030097252962,
            "max": 0.1267272550573883,
            "count": 12
        },
        "MoveThroughCheckpoints.Losses.ValueLoss.mean": {
            "value": 631830.7539583333,
            "min": 628812.9433333334,
            "max": 1471370.4429166666,
            "count": 12
        },
        "MoveThroughCheckpoints.Losses.ValueLoss.sum": {
            "value": 3159153.7697916664,
            "min": 3033401.9510416663,
            "max": 7356852.214583334,
            "count": 12
        },
        "MoveThroughCheckpoints.Policy.LearningRate.mean": {
            "value": 0.00029142317085894393,
            "min": 0.00029142317085894393,
            "max": 0.00029960904013032,
            "count": 12
        },
        "MoveThroughCheckpoints.Policy.LearningRate.sum": {
            "value": 0.0014571158542947195,
            "min": 0.0011685007304997601,
            "max": 0.0014945371218209598,
            "count": 12
        },
        "MoveThroughCheckpoints.Policy.Epsilon.mean": {
            "value": 0.19714105600000004,
            "min": 0.19714105600000004,
            "max": 0.19986968000000005,
            "count": 12
        },
        "MoveThroughCheckpoints.Policy.Epsilon.sum": {
            "value": 0.9857052800000001,
            "min": 0.7895002399999997,
            "max": 0.9981790399999999,
            "count": 12
        },
        "MoveThroughCheckpoints.Policy.Beta.mean": {
            "value": 0.0048573386944,
            "min": 0.0048573386944,
            "max": 0.004993497032000001,
            "count": 12
        },
        "MoveThroughCheckpoints.Policy.Beta.sum": {
            "value": 0.024286693472,
            "min": 0.019476061976,
            "max": 0.024909134096000003,
            "count": 12
        },
        "MoveThroughCheckpoints.Environment.EpisodeLength.mean": {
            "value": 1499.0,
            "min": 1499.0,
            "max": 1499.0,
            "count": 12
        },
        "MoveThroughCheckpoints.Environment.EpisodeLength.sum": {
            "value": 53964.0,
            "min": 35976.0,
            "max": 53964.0,
            "count": 12
        },
        "MoveThroughCheckpoints.Environment.CumulativeReward.mean": {
            "value": -107773.40924025906,
            "min": -109520.06247599919,
            "max": -104038.45294700729,
            "count": 12
        },
        "MoveThroughCheckpoints.Environment.CumulativeReward.sum": {
            "value": -3879842.7326493263,
            "min": -3942722.249135971,
            "max": -2538353.344259739,
            "count": 12
        },
        "MoveThroughCheckpoints.Policy.ExtrinsicReward.mean": {
            "value": -107773.40924025906,
            "min": -109520.06247599919,
            "max": -104038.45294700729,
            "count": 12
        },
        "MoveThroughCheckpoints.Policy.ExtrinsicReward.sum": {
            "value": -3879842.7326493263,
            "min": -3942722.249135971,
            "max": -2538353.344259739,
            "count": 12
        },
        "MoveThroughCheckpoints.IsTraining.mean": {
            "value": 1.0,
            "min": 1.0,
            "max": 1.0,
            "count": 12
        },
        "MoveThroughCheckpoints.IsTraining.sum": {
            "value": 1.0,
            "min": 1.0,
            "max": 1.0,
            "count": 12
        }
    },
    "metadata": {
        "timer_format_version": "0.1.0",
        "start_time_seconds": "1683740535",
        "python_version": "3.7.9 (tags/v3.7.9:13c94747c7, Aug 17 2020, 18:58:18) [MSC v.1900 64 bit (AMD64)]",
        "command_line_arguments": "D:\\Study\\Unity Projects\\Repeatments\\AI Car\\venv\\Scripts\\mlagents-learn configuration.yaml --run-id=releaseTraining2 --time-scale=2 --resume",
        "mlagents_version": "0.29.0",
        "mlagents_envs_version": "0.29.0",
        "communication_protocol_version": "1.5.0",
        "pytorch_version": "1.7.1+cpu",
        "numpy_version": "1.21.2",
        "end_time_seconds": "1683741879"
    },
    "total": 1344.0367554,
    "count": 1,
    "self": 0.008717899999965084,
    "children": {
        "run_training.setup": {
            "total": 0.20360790000000017,
            "count": 1,
            "self": 0.20360790000000017
        },
        "TrainerController.start_learning": {
            "total": 1343.8244296,
            "count": 1,
            "self": 1.8357982000093216,
            "children": {
                "TrainerController._reset_env": {
                    "total": 10.0304846,
                    "count": 1,
                    "self": 10.0304846
                },
                "TrainerController.advance": {
                    "total": 1331.8591427999909,
                    "count": 53744,
                    "self": 2.238409399984448,
                    "children": {
                        "env_step": {
                            "total": 1018.6482840999975,
                            "count": 53744,
                            "self": 868.2376209000089,
                            "children": {
                                "SubprocessEnvManager._take_step": {
                                    "total": 149.1832531999756,
                                    "count": 53744,
                                    "self": 6.692540399958858,
                                    "children": {
                                        "TorchPolicy.evaluate": {
                                            "total": 142.49071280001675,
                                            "count": 53742,
                                            "self": 29.612648100011583,
                                            "children": {
                                                "TorchPolicy.sample_actions": {
                                                    "total": 112.87806470000517,
                                                    "count": 53742,
                                                    "self": 112.87806470000517
                                                }
                                            }
                                        }
                                    }
                                },
                                "workers": {
                                    "total": 1.2274100000129131,
                                    "count": 53743,
                                    "self": 0.0,