{"cameraMode":{"drawMode":0,"name":"Shaded","section":"Shading Mode"},"sceneLighting":true,"audioPlay":false,"sceneViewState":{"m_AlwaysRefresh":false,"showFog":true,"showSkybox":true,"showFlares":true,"showImageEffects":true,"showParticleSystems":true,"showVisualEffectGraphs":true,"m_FxEnabled":true},"in2DMode":false,"pivot":{"x":7.655804634094238,"y":-1.4605364799499512,"z":2.6830856800079347},"rotation":{"x":0.18795175850391389,"y":0.577542781829834,"z":-0.13877235352993012,"w":0.7822202444076538},"size":10.810129165649414,"orthographic":false}