{"cameraMode":{"drawMode":0,"name":"Shaded","section":"Shading Mode"},"sceneLighting":false,"audioPlay":false,"sceneViewState":{"m_AlwaysRefresh":false,"showFog":true,"showSkybox":true,"showFlares":true,"showImageEffects":true,"showParticleSystems":true,"showVisualEffectGraphs":true,"m_FxEnabled":true},"in2DMode":false,"pivot":{"x":-1.3791546821594239,"y":0.049677345901727679,"z":0.5671350359916687},"rotation":{"x":0.0740826353430748,"y":-0.6456375122070313,"z":0.06315016746520996,"w":0.7574156522750855},"size":2.499433994293213,"orthographic":false}