{"cameraMode":{"drawMode":0,"name":"Shaded","section":"Shading Mode"},"sceneLighting":true,"audioPlay":false,"sceneViewState":{"m_AlwaysRefresh":false,"showFog":true,"showSkybox":true,"showFlares":true,"showImageEffects":true,"showParticleSystems":true,"showVisualEffectGraphs":true,"m_FxEnabled":true},"in2DMode":false,"pivot":{"x":4.530545234680176,"y":-0.12182760238647461,"z":5.661680698394775},"rotation":{"x":0.12319482862949372,"y":0.2545008361339569,"z":-0.032705746591091159,"w":0.9586389660835266},"size":7.9435906410217289,"orthographic":false}