{
    "name": "root",
    "gauges": {
        "MoveThroughCheckpoints.Policy.Entropy.mean": {
            "value": 1.767369270324707,
            "min": 1.7549428939819336,
            "max": 2.321598768234253,
            "count": 159
        },
        "MoveThroughCheckpoints.Policy.Entropy.sum": {
            "value": 88078.6171875,
            "min": 87337.671875,
            "max": 116008.78125,
            "count": 159
        },
        "MoveThroughCheckpoints.Step.mean": {
            "value": 7949948.0,
            "min": 49952.0,
            "max": 7949948.0,
            "count": 159
        },
        "MoveThroughCheckpoints.Step.sum": {
            "value": 7949948.0,
            "min": 49952.0,
            "max": 7949948.0,
            "count": 159
        },
        "MoveThroughCheckpoints.Policy.ExtrinsicValueEstimate.mean": {
            "value": 2.572000503540039,
            "min": -13.79865837097168,
            "max": 2.6422319412231445,
            "count": 159
        },
        "MoveThroughCheckpoints.Policy.ExtrinsicValueEstimate.sum": {
            "value": 2042.16845703125,
            "min": -10975.5341796875,
            "max": 2119.070068359375,
            "count": 159
        },
        "MoveThroughCheckpoints.Losses.PolicyLoss.mean": {
            "value": 0.024996468522197876,
            "min": 0.019771444125217384,
            "max": 0.027833174860376553,
            "count": 159
        },
        "MoveThroughCheckpoints.Losses.PolicyLoss.sum": {
            "value": 0.12498234261098938,
            "min": 0.07908577650086954,
            "max": 0.13916587430188276,
            "count": 159
        },
        "MoveThroughCheckpoints.Losses.ValueLoss.mean": {
            "value": 0.01684263467478255,
            "min": 0.006522198269764582,
            "max": 2.6181078754365443,
            "count": 159
        },
        "MoveThroughCheckpoints.Losses.ValueLoss.sum": {
            "value": 0.08421317337391276,
            "min": 0.02608879307905833,
            "max": 10.472431501746177,
            "count": 159
        },
        "MoveThroughCheckpoints.Policy.LearningRate.mean": {
            "value": 0.00025246955664348636,
            "min": 0.00025246955664348636,
            "max": 0.000299842848052384,
            "count": 159
        },
        "MoveThroughCheckpoints.Policy.LearningRate.sum": {
            "value": 0.001262347783217432,
            "min": 0.0010109999670000315,
            "max": 0.0014977953607348798,
            "count": 159
        },
        "MoveThroughCheckpoints.Policy.Epsilon.mean": {
            "value": 0.18415651360000002,
            "min": 0.18415651360000002,
            "max": 0.19994761599999997,
            "count": 159
        },
        "MoveThroughCheckpoints.Policy.Epsilon.sum": {
            "value": 0.920782568,
            "min": 0.736999968,
            "max": 0.99926512,
            "count": 159
        },
        "MoveThroughCheckpoints.Policy.Beta.mean": {
            "value": 0.004209410028639999,
            "min": 0.004209410028639999,
            "max": 0.0049973860384,
            "count": 159
        },
        "MoveThroughCheckpoints.Policy.Beta.sum": {
            "value": 0.021047050143199995,
            "min": 0.0168562984032,
            "max": 0.024963329488,
            "count": 159
        },
        "MoveThroughCheckpoints.Environment.EpisodeLength.mean": {
            "value": 1499.0,
            "min": 1498.888888888889,
            "max": 1499.0,
            "count": 159
        },
        "MoveThroughCheckpoints.Environment.EpisodeLength.sum": {
            "value": 35976.0,
            "min": 35976.0,
            "max": 53964.0,
            "count": 159
        },
        "MoveThroughCheckpoints.Environment.CumulativeReward.mean": {
            "value": 39.885766773174204,
            "min": -211.76041979779905,
            "max": 39.951979426046215,
            "count": 159
        },
        "MoveThroughCheckpoints.Environment.CumulativeReward.sum": {
            "value": 957.258402556181,
            "min": -7623.375112720765,
            "max": 1438.2712593376637,
            "count": 159
        },
        "MoveThroughCheckpoints.Policy.ExtrinsicReward.mean": {
            "value": 39.885766773174204,
            "min": -211.76041979779905,
            "max": 39.951979426046215,
            "count": 159
        },
        "MoveThroughCheckpoints.Policy.ExtrinsicReward.sum": {
            "value": 957.258402556181,
            "min": -7623.375112720765,
            "max": 1438.2712593376637,
            "count": 159
        },
        "MoveThroughCheckpoints.IsTraining.mean": {
            "value": 1.0,
            "min": 1.0,
            "max": 1.0,
            "count": 159
        },
        "MoveThroughCheckpoints.IsTraining.sum": {
            "value": 1.0,
            "min": 1.0,
            "max": 1.0,
            "count": 159
        }
    },
    "metadata": {
        "timer_format_version": "0.1.0",
        "start_time_seconds": "1683933404",
        "python_version": "3.7.9 (tags/v3.7.9:13c94747c7, Aug 17 2020, 18:58:18) [MSC v.1900 64 bit (AMD64)]",
        "command_line_arguments": "D:\\Study\\Unity Projects\\Repeatments\\AI Car\\venv\\Scripts\\mlagents-learn configuration.yaml --run-id=CarsNowCanSee --time-scale=2",
        "mlagents_version": "0.29.0",
        "mlagents_envs_version": "0.29.0",
        "communication_protocol_version": "1.5.0",
        "pytorch_version": "1.7.1+cpu",
        "numpy_version": "1.21.2",
        "end_time_seconds": "1683946506"
    },
    "total": 13102.220183399999,
    "count": 1,
    "self": 0.012561100000311853,
    "children": {
        "run_training.setup": {
            "total": 0.12333729999999998,
            "count": 1,
            "self": 0.12333729999999998
        },
        "TrainerController.start_learning": {
            "total": 13102.084284999999,
            "count": 1,
            "self": 19.996529199890574,
            "children": {
                "TrainerController._reset_env": {
                    "total": 9.618481099999999,
                    "count": 1,
                    "self": 9.618481099999999
                },
                "TrainerController.advance": {
                    "total": 13072.332793600108,
                    "count": 662878,
                    "self": 19.722598599955745,
                    "children": {
                        "env_step": {
                            "total": 9937.422192400505,
                            "count": 662878,
                            "self": 8499.755685501452,
                            "children": {
                                "SubprocessEnvManager._take_step": {
                                    "total": 1424.4940631996094,
                                    "count": 662879,
                                    "self": 58.89054120054402,
                                    "children": {
                                        "TorchPolicy.evaluate": {
                                            "total": 1365.6035219990654,
                                            "count": 662879,
                                            "self": 307.7036747988559,
                                            "children": {
                                                "TorchPolicy.sample_actions": {
                                                    "total": 1057.8998472002095,
                                                    "count": 662878,
                                                    "self": 1057.8998472002095
                                                }
                                            }
                                        }
                                    }
                                },
                                "workers": {
                                    "total": 13.172443699443086,
                                    "count": 662877,