{
    "name": "root",
    "gauges": {
        "MoveThroughCheckpoints.Policy.Entropy.mean": {
            "value": 1.9039511680603027,
            "min": 1.7338918447494507,
            "max": 2.0612568855285645,
            "count": 178
        },
        "MoveThroughCheckpoints.Policy.Entropy.sum": {
            "value": 95159.4765625,
            "min": 20640.078125,
            "max": 103588.9453125,
            "count": 178
        },
        "MoveThroughCheckpoints.Step.mean": {
            "value": 35299940.0,
            "min": 26449980.0,
            "max": 35299940.0,
            "count": 178
        },
        "MoveThroughCheckpoints.Step.sum": {
            "value": 35299940.0,
            "min": 26449980.0,
            "max": 35299940.0,
            "count": 178
        },
        "MoveThroughCheckpoints.Policy.ExtrinsicValueEstimate.mean": {
            "value": 0.2848055958747864,
            "min": -30.938879013061523,
            "max": 7.056550025939941,
            "count": 178
        },
        "MoveThroughCheckpoints.Policy.ExtrinsicValueEstimate.sum": {
            "value": 223.28759765625,
            "min": -24194.203125,
            "max": 4500.8974609375,
            "count": 178
        },
        "MoveThroughCheckpoints.Losses.PolicyLoss.mean": {
            "value": 0.022404945964093106,
            "min": 0.02005900094064903,
            "max": 0.028899533313233403,
            "count": 178
        },
        "MoveThroughCheckpoints.Losses.PolicyLoss.sum": {
            "value": 0.11202472982046553,
            "min": 0.022472150909500974,
            "max": 0.13792801675250907,
            "count": 178
        },
        "MoveThroughCheckpoints.Losses.ValueLoss.mean": {
            "value": 2.0522742040952044,
            "min": 1.0417452921470005,
            "max": 48.25041222254435,
            "count": 178
        },
        "MoveThroughCheckpoints.Losses.ValueLoss.sum": {
            "value": 10.261371020476023,
            "min": 2.0089312831560773,
            "max": 241.25206111272175,
            "count": 178
        },
        "MoveThroughCheckpoints.Policy.LearningRate.mean": {
            "value": 8.8361902546056e-05,
            "min": 8.8361902546056e-05,
            "max": 0.00014130593289803998,
            "count": 178
        },
        "MoveThroughCheckpoints.Policy.LearningRate.sum": {
            "value": 0.00044180951273028,
            "min": 0.00014130593289803998,
            "max": 0.000704347681217528,
            "count": 178
        },
        "MoveThroughCheckpoints.Policy.Epsilon.mean": {
            "value": 0.12945394400000002,
            "min": 0.12945394400000002,
            "max": 0.14710196,
            "count": 178
        },
        "MoveThroughCheckpoints.Policy.Epsilon.sum": {
            "value": 0.64726972,
            "min": 0.14710196,
            "max": 0.734782472,
            "count": 178
        },
        "MoveThroughCheckpoints.Policy.Beta.mean": {
            "value": 0.0014797518056000002,
            "min": 0.0014797518056000002,
            "max": 0.002360387803999999,
            "count": 178
        },
        "MoveThroughCheckpoints.Policy.Beta.sum": {
            "value": 0.007398759028000001,
            "min": 0.002360387803999999,
            "max": 0.011765645352800003,
            "count": 178
        },
        "MoveThroughCheckpoints.IsTraining.mean": {
            "value": 1.0,
            "min": 1.0,
            "max": 1.0,
            "count": 178
        },
        "MoveThroughCheckpoints.IsTraining.sum": {
            "value": 1.0,
            "min": 1.0,
            "max": 1.0,
            "count": 178
        },
        "MoveThroughCheckpoints.Environment.EpisodeLength.mean": {
            "value": 2999.0,
            "min": 1498.6666666666667,
            "max": 2999.0,
            "count": 177
        },
        "MoveThroughCheckpoints.Environment.EpisodeLength.sum": {
            "value": 71976.0,
            "min": 17984.0,
            "max": 71976.0,
            "count": 177
        },
        "MoveThroughCheckpoints.Environment.CumulativeReward.mean": {
            "value": 124.62740824437545,
            "min": -1064.7641655266923,
            "max": 184.1995714637451,
            "count": 177
        },
        "MoveThroughCheckpoints.Environment.CumulativeReward.sum": {
            "value": 2991.057797865011,
            "min": -18821.03618474584,
            "max": 4420.789715129882,
            "count": 177
        },
        "MoveThroughCheckpoints.Policy.ExtrinsicReward.mean": {
            "value": 124.62740824437545,
            "min": -1064.7641655266923,
            "max": 184.1995714637451,
            "count": 177
        },
        "MoveThroughCheckpoints.Policy.ExtrinsicReward.sum": {
            "value": 2991.057797865011,
            "min": -18821.03618474584,
            "max": 4420.789715129882,
            "count": 177
        }
    },
    "metadata": {
        "timer_format_version": "0.1.0",
        "start_time_seconds": "1684450267",
        "python_version": "3.7.9 (tags/v3.7.9:13c94747c7, Aug 17 2020, 18:58:18) [MSC v.1900 64 bit (AMD64)]",
        "command_line_arguments": "D:\\Study\\Unity Projects\\Repeatments\\AI Car\\venv\\Scripts\\mlagents-learn configuration.yaml --run-id=1605Training1 --time-scale=1 --resume",
        "mlagents_version": "0.29.0",
        "mlagents_envs_version": "0.29.0",
        "communication_protocol_version": "1.5.0",
        "pytorch_version": "1.7.1+cpu",
        "numpy_version": "1.21.2",
        "end_time_seconds": "1684467612"
    },
    "total": 17345.2264248,
    "count": 1,
    "self": 0.013246099999378202,
    "children": {
        "run_training.setup": {
            "total": 0.26015310000000014,
            "count": 1,
            "self": 0.26015310000000014
        },
        "TrainerController.start_learning": {
            "total": 17344.9530256,
            "count": 1,
            "self": 21.364091501094663,
            "children": {
                "TrainerController._reset_env": {
                    "total": 8.663757100000002,
                    "count": 1,
                    "self": 8.663757100000002
                },
                "TrainerController.advance": {
                    "total": 17314.781208598906,
                    "count": 740700,
                    "self": 21.622468698311422,
                    "children": {
                        "env_step": {
                            "total": 13622.664980199796,
                            "count": 740700,
                            "self": 12055.469997599388,
                            "children": {
                                "SubprocessEnvManager._take_step": {
                                    "total": 1552.2001284997873,
                                    "count": 740702,
                                    "self": 68.44834460091033,
                                    "children": {
                                        "TorchPolicy.evaluate": {
                                            "total": 1483.751783898877,
                                            "count": 740702,
                                            "self": 334.8573529988116,
                                            "children": {
                                                "TorchPolicy.sample_actions": {
                                                    "total": 1148.8944309000653,
                                                    "count": 740702,
                                                    "self": 1148.8944309000653
                                                }
                                            }
                                        }
                                    }
                                },
                                "workers": {
                                    "total": 14.994854100619525,
                                    "count": 740700,