{
    "name": "root",
    "gauges": {
        "MoveThroughCheckpoints.Policy.Entropy.mean": {
            "value": 1.8692916631698608,
            "min": 1.8692916631698608,
            "max": 1.8692916631698608,
            "count": 1
        },
        "MoveThroughCheckpoints.Policy.Entropy.sum": {
            "value": 27276.703125,
            "min": 27276.703125,
            "max": 27276.703125,
            "count": 1
        },
        "MoveThroughCheckpoints.Step.mean": {
            "value": 12949996.0,
            "min": 12949996.0,
            "max": 12949996.0,
            "count": 1
        },
        "MoveThroughCheckpoints.Step.sum": {
            "value": 12949996.0,
            "min": 12949996.0,
            "max": 12949996.0,
            "count": 1
        },
        "MoveThroughCheckpoints.Policy.ExtrinsicValueEstimate.mean": {
            "value": -4.221122741699219,
            "min": -4.221122741699219,
            "max": -4.221122741699219,
            "count": 1
        },
        "MoveThroughCheckpoints.Policy.ExtrinsicValueEstimate.sum": {
            "value": -920.2047119140625,
            "min": -920.2047119140625,
            "max": -920.2047119140625,
            "count": 1
        },
        "MoveThroughCheckpoints.Losses.PolicyLoss.mean": {
            "value": 0.018732968666154193,
            "min": 0.018732968666154193,
            "max": 0.018732968666154193,
            "count": 1
        },
        "MoveThroughCheckpoints.Losses.PolicyLoss.sum": {
            "value": 0.018732968666154193,
            "min": 0.018732968666154193,
            "max": 0.018732968666154193,
            "count": 1
        },
        "MoveThroughCheckpoints.Losses.ValueLoss.mean": {
            "value": 2.5599140524864197,
            "min": 2.5599140524864197,
            "max": 2.5599140524864197,
            "count": 1
        },
        "MoveThroughCheckpoints.Losses.ValueLoss.sum": {
            "value": 2.5599140524864197,
            "min": 2.5599140524864197,
            "max": 2.5599140524864197,
            "count": 1
        },
        "MoveThroughCheckpoints.Policy.LearningRate.mean": {
            "value": 0.00022231924989359202,
            "min": 0.00022231924989359202,
            "max": 0.00022231924989359202,
            "count": 1
        },
        "MoveThroughCheckpoints.Policy.LearningRate.sum": {
            "value": 0.00022231924989359202,
            "min": 0.00022231924989359202,
            "max": 0.00022231924989359202,
            "count": 1
        },
        "MoveThroughCheckpoints.Policy.Epsilon.mean": {
            "value": 0.17410640800000002,
            "min": 0.17410640800000002,
            "max": 0.17410640800000002,
            "count": 1
        },
        "MoveThroughCheckpoints.Policy.Epsilon.sum": {
            "value": 0.17410640800000002,
            "min": 0.17410640800000002,
            "max": 0.17410640800000002,
            "count": 1
        },
        "MoveThroughCheckpoints.Policy.Beta.mean": {
            "value": 0.003707909759200001,
            "min": 0.003707909759200001,
            "max": 0.003707909759200001,
            "count": 1
        },
        "MoveThroughCheckpoints.Policy.Beta.sum": {
            "value": 0.003707909759200001,
            "min": 0.003707909759200001,
            "max": 0.003707909759200001,
            "count": 1
        },
        "MoveThroughCheckpoints.IsTraining.mean": {
            "value": 1.0,
            "min": 1.0,
            "max": 1.0,
            "count": 1
        },
        "MoveThroughCheckpoints.IsTraining.sum": {
            "value": 1.0,
            "min": 1.0,
            "max": 1.0,
            "count": 1
        }
    },
    "metadata": {
        "timer_format_version": "0.1.0",
        "start_time_seconds": "1684340643",
        "python_version": "3.7.9 (tags/v3.7.9:13c94747c7, Aug 17 2020, 18:58:18) [MSC v.1900 64 bit (AMD64)]",
        "command_line_arguments": "D:\\Study\\Unity Projects\\Repeatments\\AI Car\\venv\\Scripts\\mlagents-learn configuration.yaml --run-id=1605Training1 --time-scale=1 --resume",
        "mlagents_version": "0.29.0",
        "mlagents_envs_version": "0.29.0",
        "communication_protocol_version": "1.5.0",
        "pytorch_version": "1.7.1+cpu",
        "numpy_version": "1.21.2",
        "end_time_seconds": "1684340801"
    },
    "total": 158.7334208,
    "count": 1,
    "self": 0.00900479999998538,
    "children": {
        "run_training.setup": {
            "total": 0.221773,
            "count": 1,
            "self": 0.221773
        },
        "TrainerController.start_learning": {
            "total": 158.502643,
            "count": 1,
            "self": 0.18040880000026505,
            "children": {
                "TrainerController._reset_env": {
                    "total": 7.876709,
                    "count": 1,
                    "self": 7.876709
                },
                "TrainerController.advance": {
                    "total": 150.30143399999977,
                    "count": 5207,
                    "self": 0.195814299999455,
                    "children": {
                        "env_step": {
                            "total": 126.30341949999962,
                            "count": 5207,
                            "self": 113.6626157999994,
                            "children": {
                                "SubprocessEnvManager._take_step": {
                                    "total": 12.522943199999906,
                                    "count": 5207,
                                    "self": 0.5835609000004833,
                                    "children": {
                                        "TorchPolicy.evaluate": {
                                            "total": 11.939382299999423,
                                            "count": 5207,
                                            "self": 2.760427399998255,
                                            "children": {
                                                "TorchPolicy.sample_actions": {
                                                    "total": 9.178954900001168,
                                                    "count": 5207,
                                                    "self": 9.178954900001168
                                                }
                                            }
                                        }
                                    }
                                },
                                "workers": {
                                    "total": 0.11786050000031878,
                                    "count": 5206,
                                    "self": 0.0,
                                    "children": {
                                        "worker_root": {
                                            "total": 147.16382900000045,
                                            "count": 5206,
                                            "is_parallel": true,
                                            "self": 48.57663500000068,
                                            "children": {
                                                "steps_from_proto": {
                                                    "total": 0.0011140000000002814,
                                                    "count": 1,
                                                    "is_parallel": true,
                                                    "self": 0.0005147000000000901,
                                                    "children": {
                                                        "_process_rank_one_or_two_observation": {
                                                            "total": 0.0005993000000001913,
                                                            "count": 4,
                                                            "is_parallel": true,