{"cameraMode":{"drawMode":0,"name":"Shaded","section":"Shading Mode"},"sceneLighting":false,"audioPlay":false,"sceneViewState":{"m_AlwaysRefresh":false,"showFog":true,"showSkybox":false,"showFlares":true,"showImageEffects":true,"showParticleSystems":true,"showVisualEffectGraphs":true,"m_FxEnabled":true},"in2DMode":false,"pivot":{"x":-0.01593855209648609,"y":0.9475610256195068,"z":1.862645149230957e-7},"rotation":{"x":0.15400542318820954,"y":-0.7707570195198059,"z":0.20377208292484284,"w":0.5835040211677551},"size":0.9751190543174744,"orthographic":false}