{
    "name": "root",
    "metadata": {
        "timer_format_version": "0.1.0",
        "start_time_seconds": "1683588470",
        "python_version": "3.7.9 (tags/v3.7.9:13c94747c7, Aug 17 2020, 18:58:18) [MSC v.1900 64 bit (AMD64)]",
        "command_line_arguments": "D:\\Study\\Unity Projects\\Repeatments\\AI Car\\venv\\Scripts\\mlagents-learn newConfig.yaml --run-id=FullNightImitation2 --time-scale=1 --resume",
        "mlagents_version": "0.29.0",
        "mlagents_envs_version": "0.29.0",
        "communication_protocol_version": "1.5.0",
        "pytorch_version": "1.7.1+cpu",
        "numpy_version": "1.21.2",
        "end_time_seconds": "1683588480"
    },
    "total": 10.3568827,
    "count": 1,
    "self": 0.018812000000000495,
    "children": {
        "run_training.setup": {
            "total": 0.1261201999999999,
            "count": 1,
            "self": 0.1261201999999999
        },
        "TrainerController.start_learning": {
            "total": 10.2119505,
            "count": 1,
            "self": 0.00021050000000144564,
            "children": {
                "TrainerController._reset_env": {
                    "total": 9.9209415,
                    "count": 1,
                    "self": 9.9209415
                },
                "TrainerController.advance": {
                    "total": 0.1695776999999996,
                    "count": 2,
                    "self": 4.950000000114585e-05,
                    "children": {
                        "env_step": {
                            "total": 0.16949219999999876,
                            "count": 2,
                            "self": 0.1610075000000002,
                            "children": {
                                "SubprocessEnvManager._take_step": {
                                    "total": 0.008444499999999522,
                                    "count": 2,
                                    "self": 0.00024129999999900065,
                                    "children": {
                                        "TorchPolicy.evaluate": {
                                            "total": 0.008203200000000521,
                                            "count": 2,
                                            "self": 0.0013944999999981889,
                                            "children": {
                                                "TorchPolicy.sample_actions": {
                                                    "total": 0.006808700000002332,
                                                    "count": 2,
                                                    "self": 0.006808700000002332
                                                }
                                            }
                                        }
                                    }
                                },
                                "workers": {
                                    "total": 4.0199999999046554e-05,
                                    "count": 2,
                                    "self": 0.0,
                                    "children": {
                                        "worker_root": {
                                            "total": 0.2016593999999987,
                                            "count": 2,
                                            "is_parallel": true,
                                            "self": 0.04453359999999762,
                                            "children": {
                                                "steps_from_proto": {
                                                    "total": 0.0006135000000000446,
                                                    "count": 1,
                                                    "is_parallel": true,
                                                    "self": 0.0002885999999993061,
                                                    "children": {
                                                        "_process_rank_one_or_two_observation": {
                                                            "total": 0.0003249000000007385,
                                                            "count": 4,
                                                            "is_parallel": true,
                                                            "self": 0.0003249000000007385
                                                        }
                                                    }
                                                },
                                                "UnityEnvironment.step": {
                                                    "total": 0.15651230000000105,
                                                    "count": 2,
                                                    "is_parallel": true,
                                                    "self": 0.0005728000000022604,
                                                    "children": {
                                                        "UnityEnvironment._generate_step_input": {
                                                            "total": 0.0004071999999997189,
                                                            "count": 2,
                                                            "is_parallel": true,
                                                            "self": 0.0004071999999997189
                                                        },
                                                        "communicator.exchange": {
                                                            "total": 0.15400169999999846,
                                                            "count": 2,
                                                            "is_parallel": true,
                                                            "self": 0.15400169999999846
                                                        },
                                                        "steps_from_proto": {
                                                            "total": 0.0015306000000006037,
                                                            "count": 2,
                                                            "is_parallel": true,
                                                            "self": 0.0006614999999996485,
                                                            "children": {
                                                                "_process_rank_one_or_two_observation": {
                                                                    "total": 0.0008691000000009552,
                                                                    "count": 8,
                                                                    "is_parallel": true,
                                                                    "self": 0.0008691000000009552
                                                                }
                                                            }
                                                        }
                                                    }
                                                }
                                            }
                                        }
                                    }
                                }
                            }
                        },
                        "trainer_advance": {
                            "total": 3.5999999999702936e-05,
                            "count": 1,
                            "self": 2.5100000000222167e-05,
                            "children": {
                                "process_trajectory": {
                                    "total": 1.089999999948077e-05,
                                    "count": 1,