{"count":1,"self":31.761417599999998,"total":31.975928699999997,"children":{"InitializeActuators":{"count":1,"self":0.0010008999999999999,"total":0.0010008999999999999,"children":null},"InitializeSensors":{"count":1,"self":0,"total":0,"children":null},"AgentSendState":{"count":1386,"self":0.12158129999999999,"total":0.1658796,"children":{"CollectObservations":{"count":1386,"self":0.0060301999999999994,"total":0.0060301999999999994,"children":null},"WriteActionMask":{"count":1386,"self":0.0055743,"total":0.0055743,"children":null},"RequestDecision":{"count":1386,"self":0.023696699999999998,"total":0.032693799999999995,"children":{"RayPerceptionSensor.Perceive":{"count":1386,"self":0.0089971,"total":0.0089971,"children":null}}}}},"DecideAction":{"count":1386,"self":0.028435699999999998,"total":0.028435699999999998,"children":null},"AgentAct":{"count":1386,"self":0.018193499999999998,"total":0.018193499999999998,"children":null}},"gauges":{},"metadata":{"timer_format_version":"0.1.0","start_time_seconds":"1683120229","unity_version":"2021.3.19f1","command_line_arguments":"C:\\Program Files\\Unity\\Hub\\Editor\\2021.3.19f1\\Editor\\Unity.exe -projectpath D:\\Study\\Unity Projects\\Repeatments\\AI Car -useHub -hubIPC -cloudEnvironment production -licensingIpc LicenseClient-mrSal -hubSessionId 5883a53d-ba39-4f21-96b2-da51ce15b2a0 -accessToken 5yhLDa0r1XZEtt9Jrnf6JLiEUXa_ClHrP1eTp8bkG8c007f","communication_protocol_version":"1.5.0","com.unity.ml-agents_version":"2.0.1","scene_name":"MapGeneration","end_time_seconds":"1683120261"}}