{
    "name": "root",
    "gauges": {
        "MoveThroughCheckpoints.Policy.Entropy.mean": {
            "value": 2.1845669746398926,
            "min": 2.113659620285034,
            "max": 2.191547393798828,
            "count": 17
        },
        "MoveThroughCheckpoints.Policy.Entropy.sum": {
            "value": 109577.8828125,
            "min": 104740.1875,
            "max": 109806.4453125,
            "count": 17
        },
        "MoveThroughCheckpoints.Step.mean": {
            "value": 849968.0,
            "min": 49952.0,
            "max": 849968.0,
            "count": 17
        },
        "MoveThroughCheckpoints.Step.sum": {
            "value": 849968.0,
            "min": 49952.0,
            "max": 849968.0,
            "count": 17
        },
        "MoveThroughCheckpoints.Policy.ExtrinsicValueEstimate.mean": {
            "value": -490.774169921875,
            "min": -578.6630859375,
            "max": -13.361936569213867,
            "count": 17
        },
        "MoveThroughCheckpoints.Policy.ExtrinsicValueEstimate.sum": {
            "value": -393600.875,
            "min": -463509.125,
            "max": -10609.3779296875,
            "count": 17
        },
        "MoveThroughCheckpoints.Losses.PolicyLoss.mean": {
            "value": 0.02321990372987178,
            "min": 0.021149495636539846,
            "max": 0.025550561004007856,
            "count": 17
        },
        "MoveThroughCheckpoints.Losses.PolicyLoss.sum": {
            "value": 0.09287961491948712,
            "min": 0.08538524517789484,
            "max": 0.12775280502003927,
            "count": 17
        },
        "MoveThroughCheckpoints.Losses.ValueLoss.mean": {
            "value": 2132.571604410807,
            "min": 2132.571604410807,
            "max": 7414.739670817058,
            "count": 17
        },
        "MoveThroughCheckpoints.Losses.ValueLoss.sum": {
            "value": 8530.286417643229,
            "min": 8530.286417643229,
            "max": 33111.13650919596,
            "count": 17
        },
        "MoveThroughCheckpoints.Policy.LearningRate.mean": {
            "value": 0.00028763658412113993,
            "min": 0.00028763658412113993,
            "max": 0.00029960712013096,
            "count": 17
        },
        "MoveThroughCheckpoints.Policy.LearningRate.sum": {
            "value": 0.0011505463364845597,
            "min": 0.0011505463364845597,
            "max": 0.00149449104183632,
            "count": 17
        },
        "MoveThroughCheckpoints.Policy.Epsilon.mean": {
            "value": 0.19587886000000007,
            "min": 0.19587886000000007,
            "max": 0.19986904000000008,
            "count": 17
        },
        "MoveThroughCheckpoints.Policy.Epsilon.sum": {
            "value": 0.7835154400000003,
            "min": 0.7835154400000003,
            "max": 0.9981636800000002,
            "count": 17
        },
        "MoveThroughCheckpoints.Policy.Beta.mean": {
            "value": 0.0047943551140000006,
            "min": 0.0047943551140000006,
            "max": 0.004993465096,
            "count": 17
        },
        "MoveThroughCheckpoints.Policy.Beta.sum": {
            "value": 0.019177420456000002,
            "min": 0.019177420456000002,
            "max": 0.024908367632,
            "count": 17
        },
        "MoveThroughCheckpoints.Environment.EpisodeLength.mean": {
            "value": 1499.0,
            "min": 1499.0,
            "max": 1499.0,
            "count": 17
        },
        "MoveThroughCheckpoints.Environment.EpisodeLength.sum": {
            "value": 53964.0,
            "min": 35976.0,
            "max": 53964.0,
            "count": 17
        },
        "MoveThroughCheckpoints.Environment.CumulativeReward.mean": {
            "value": -6944.4051586534415,
            "min": -8995.839995157388,
            "max": -6641.59545492205,
            "count": 17
        },
        "MoveThroughCheckpoints.Environment.CumulativeReward.sum": {
            "value": -249998.5857115239,
            "min": -323850.23982566595,
            "max": -166287.87794644386,
            "count": 17
        },
        "MoveThroughCheckpoints.Policy.ExtrinsicReward.mean": {
            "value": -6944.4051586534415,
            "min": -8995.839995157388,
            "max": -6641.59545492205,
            "count": 17
        },
        "MoveThroughCheckpoints.Policy.ExtrinsicReward.sum": {
            "value": -249998.5857115239,
            "min": -323850.23982566595,
            "max": -166287.87794644386,
            "count": 17
        },
        "MoveThroughCheckpoints.IsTraining.mean": {
            "value": 1.0,
            "min": 1.0,
            "max": 1.0,
            "count": 17
        },
        "MoveThroughCheckpoints.IsTraining.sum": {
            "value": 1.0,
            "min": 1.0,
            "max": 1.0,
            "count": 17
        }
    },
    "metadata": {
        "timer_format_version": "0.1.0",
        "start_time_seconds": "1683743616",
        "python_version": "3.7.9 (tags/v3.7.9:13c94747c7, Aug 17 2020, 18:58:18) [MSC v.1900 64 bit (AMD64)]",
        "command_line_arguments": "D:\\Study\\Unity Projects\\Repeatments\\AI Car\\venv\\Scripts\\mlagents-learn configuration.yaml --run-id=releaseTraining3 --time-scale=2 --force",
        "mlagents_version": "0.29.0",
        "mlagents_envs_version": "0.29.0",
        "communication_protocol_version": "1.5.0",
        "pytorch_version": "1.7.1+cpu",
        "numpy_version": "1.21.2",
        "end_time_seconds": "1683746199"
    },
    "total": 2583.4460657,
    "count": 1,
    "self": 0.035085200000139594,
    "children": {
        "run_training.setup": {
            "total": 0.1321604999999999,
            "count": 1,
            "self": 0.1321604999999999
        },
        "TrainerController.start_learning": {
            "total": 2583.27882,
            "count": 1,
            "self": 3.9148373000193715,
            "children": {
                "TrainerController._reset_env": {
                    "total": 7.651831199999999,
                    "count": 1,
                    "self": 7.651831199999999
                },
                "TrainerController.advance": {
                    "total": 2571.3398139999804,
                    "count": 73500,
                    "self": 5.147360800015576,
                    "children": {
                        "env_step": {
                            "total": 1937.4690660999859,
                            "count": 73500,
                            "self": 1629.9779951999794,
                            "children": {
                                "SubprocessEnvManager._take_step": {
                                    "total": 304.9561796999733,
                                    "count": 73500,
                                    "self": 14.25933249997695,
                                    "children": {
                                        "TorchPolicy.evaluate": {
                                            "total": 290.69684719999634,
                                            "count": 73500,
                                            "self": 62.675139599977825,
                                            "children": {
                                                "TorchPolicy.sample_actions": {
                                                    "total": 228.02170760001852,
                                                    "count": 73500,
                                                    "self": 228.02170760001852
                                                }
                                            }
                                        }
                                    }
                                },
                                "workers": {
                                    "total": 2.534891200033119,
                                    "count": 73500,
                                    "self": 0.0,