{"cameraMode":{"drawMode":0,"name":"Shaded","section":"Shading Mode"},"sceneLighting":false,"audioPlay":false,"sceneViewState":{"m_AlwaysRefresh":false,"showFog":true,"showSkybox":false,"showFlares":true,"showImageEffects":true,"showParticleSystems":true,"showVisualEffectGraphs":true,"m_FxEnabled":true},"in2DMode":false,"pivot":{"x":-0.012220412492752076,"y":0.9631108045578003,"z":-0.0005499124526977539},"rotation":{"x":0.4090816378593445,"y":0.5236300826072693,"z":-0.31600460410118105,"w":0.6770503520965576},"size":1.0030330419540406,"orthographic":false}