{
    "name": "root",
    "metadata": {
        "timer_format_version": "0.1.0",
        "start_time_seconds": "1683877974",
        "python_version": "3.7.9 (tags/v3.7.9:13c94747c7, Aug 17 2020, 18:58:18) [MSC v.1900 64 bit (AMD64)]",
        "command_line_arguments": "D:\\Study\\Unity Projects\\Repeatments\\AI Car\\venv\\Scripts\\mlagents-learn --run-id=InputTest --time-scale=1 --force",
        "mlagents_version": "0.29.0",
        "mlagents_envs_version": "0.29.0",
        "communication_protocol_version": "1.5.0",
        "pytorch_version": "1.7.1+cpu",
        "numpy_version": "1.21.2",
        "end_time_seconds": "1683878107"
    },
    "total": 133.4553109,
    "count": 1,
    "self": 0.019428500000003623,
    "children": {
        "run_training.setup": {
            "total": 0.3558870999999999,
            "count": 1,
            "self": 0.3558870999999999
        },
        "TrainerController.start_learning": {
            "total": 133.0799953,
            "count": 1,
            "self": 0.0221068000000173,
            "children": {
                "TrainerController._reset_env": {
                    "total": 31.8004545,
                    "count": 1,
                    "self": 31.8004545
                },
                "TrainerController.advance": {
                    "total": 100.88911479999999,
                    "count": 286,
                    "self": 0.020685199999974202,
                    "children": {
                        "env_step": {
                            "total": 100.7620298,
                            "count": 286,
                            "self": 99.32277830000001,
                            "children": {
                                "SubprocessEnvManager._take_step": {
                                    "total": 1.4265389000000184,
                                    "count": 286,
                                    "self": 0.057373000000026764,
                                    "children": {
                                        "TorchPolicy.evaluate": {
                                            "total": 1.3691658999999916,
                                            "count": 286,
                                            "self": 0.33996279999993817,
                                            "children": {
                                                "TorchPolicy.sample_actions": {
                                                    "total": 1.0292031000000534,
                                                    "count": 286,
                                                    "self": 1.0292031000000534
                                                }
                                            }
                                        }
                                    }
                                },
                                "workers": {
                                    "total": 0.01271259999996488,
                                    "count": 285,
                                    "self": 0.0,
                                    "children": {
                                        "worker_root": {
                                            "total": 14.836228599999941,
                                            "count": 285,
                                            "is_parallel": true,
                                            "self": 2.579250399999932,
                                            "children": {
                                                "steps_from_proto": {
                                                    "total": 0.0011825000000023067,
                                                    "count": 1,
                                                    "is_parallel": true,
                                                    "self": 0.0006348000000038212,
                                                    "children": {
                                                        "_process_rank_one_or_two_observation": {
                                                            "total": 0.0005476999999984855,
                                                            "count": 4,
                                                            "is_parallel": true,
                                                            "self": 0.0005476999999984855
                                                        }
                                                    }
                                                },
                                                "UnityEnvironment.step": {
                                                    "total": 12.255795700000007,
                                                    "count": 285,
                                                    "is_parallel": true,
                                                    "self": 0.08657770000011311,
                                                    "children": {
                                                        "UnityEnvironment._generate_step_input": {
                                                            "total": 0.066447899999865,
                                                            "count": 285,
                                                            "is_parallel": true,
                                                            "self": 0.066447899999865
                                                        },
                                                        "communicator.exchange": {
                                                            "total": 11.772673700000006,
                                                            "count": 285,
                                                            "is_parallel": true,
                                                            "self": 11.772673700000006
                                                        },
                                                        "steps_from_proto": {
                                                            "total": 0.3300964000000235,
                                                            "count": 285,
                                                            "is_parallel": true,
                                                            "self": 0.18412529999991278,
                                                            "children": {
                                                                "_process_rank_one_or_two_observation": {
                                                                    "total": 0.1459711000001107,
                                                                    "count": 1140,
                                                                    "is_parallel": true,
                                                                    "self": 0.1459711000001107
                                                                }
                                                            }
                                                        }
                                                    }
                                                }
                                            }
                                        }
                                    }
                                }
                            }
                        },
                        "trainer_advance": {
                            "total": 0.10639980000001259,
                            "count": 285,
                            "self": 0.025564600000002713,
                            "children": {
                                "process_trajectory": {
                                    "total": 0.08083520000000988,
                                    "count": 285,
                                    "self": 0.08083520000000988
                                }
                            }
                        }
                    }
                },