{
    "name": "root",
    "gauges": {
        "MoveThroughCheckpoints.Policy.Entropy.mean": {
            "value": 2.1527700424194336,
            "min": 2.0906176567077637,
            "max": 2.1655590534210205,
            "count": 17
        },
        "MoveThroughCheckpoints.Policy.Entropy.sum": {
            "value": 107957.1171875,
            "min": 103600.1171875,
            "max": 108624.4375,
            "count": 17
        },
        "MoveThroughCheckpoints.Step.mean": {
            "value": 849968.0,
            "min": 49952.0,
            "max": 849968.0,
            "count": 17
        },
        "MoveThroughCheckpoints.Step.sum": {
            "value": 849968.0,
            "min": 49952.0,
            "max": 849968.0,
            "count": 17
        },
        "MoveThroughCheckpoints.Policy.ExtrinsicValueEstimate.mean": {
            "value": -7510.59912109375,
            "min": -7513.0576171875,
            "max": -15.424269676208496,
            "count": 17
        },
        "MoveThroughCheckpoints.Policy.ExtrinsicValueEstimate.sum": {
            "value": -6023500.5,
            "min": -6023500.5,
            "max": -12246.8701171875,
            "count": 17
        },
        "MoveThroughCheckpoints.Losses.PolicyLoss.mean": {
            "value": 0.02159748140790422,
            "min": 0.019398851208219034,
            "max": 0.02711369068953597,
            "count": 17
        },
        "MoveThroughCheckpoints.Losses.PolicyLoss.sum": {
            "value": 0.08638992563161688,
            "min": 0.07759540483287614,
            "max": 0.1353139201470185,
            "count": 17
        },
        "MoveThroughCheckpoints.Losses.ValueLoss.mean": {
            "value": 624589.7897135417,
            "min": 624589.7897135417,
            "max": 1713611.8308333338,
            "count": 17
        },
        "MoveThroughCheckpoints.Losses.ValueLoss.sum": {
            "value": 2498359.158854167,
            "min": 2498359.158854167,
            "max": 8568059.154166669,
            "count": 17
        },
        "MoveThroughCheckpoints.Policy.LearningRate.mean": {
            "value": 0.00028763274412241995,
            "min": 0.00028763274412241995,
            "max": 0.00029960328013224,
            "count": 17
        },
        "MoveThroughCheckpoints.Policy.LearningRate.sum": {
            "value": 0.0011505309764896798,
            "min": 0.0011505309764896798,
            "max": 0.0014944718418427197,
            "count": 17
        },
        "MoveThroughCheckpoints.Policy.Epsilon.mean": {
            "value": 0.19587758000000005,
            "min": 0.19587758000000005,
            "max": 0.19986776,
            "count": 17
        },
        "MoveThroughCheckpoints.Policy.Epsilon.sum": {
            "value": 0.7835103200000002,
            "min": 0.7835103200000002,
            "max": 0.99815728,
            "count": 17
        },
        "MoveThroughCheckpoints.Policy.Beta.mean": {
            "value": 0.004794291242000001,
            "min": 0.004794291242000001,
            "max": 0.004993401224000001,
            "count": 17
        },
        "MoveThroughCheckpoints.Policy.Beta.sum": {
            "value": 0.019177164968000003,
            "min": 0.019177164968000003,
            "max": 0.024908048272,
            "count": 17
        },
        "MoveThroughCheckpoints.Environment.EpisodeLength.mean": {
            "value": 1499.0,
            "min": 1499.0,
            "max": 1499.0,
            "count": 17
        },
        "MoveThroughCheckpoints.Environment.EpisodeLength.sum": {
            "value": 53964.0,
            "min": 35976.0,
            "max": 53964.0,
            "count": 17
        },
        "MoveThroughCheckpoints.Environment.CumulativeReward.mean": {
            "value": -112612.47856163979,
            "min": -112612.7655606005,
            "max": -112611.91614452362,
            "count": 17
        },
        "MoveThroughCheckpoints.Environment.CumulativeReward.sum": {
            "value": -4054049.2282190323,
            "min": -4054059.5601816177,
            "max": -2702695.9240236282,
            "count": 17
        },
        "MoveThroughCheckpoints.Policy.ExtrinsicReward.mean": {
            "value": -112612.47856163979,
            "min": -112612.7655606005,
            "max": -112611.91614452362,
            "count": 17
        },
        "MoveThroughCheckpoints.Policy.ExtrinsicReward.sum": {
            "value": -4054049.2282190323,
            "min": -4054059.5601816177,
            "max": -2702695.9240236282,
            "count": 17
        },
        "MoveThroughCheckpoints.IsTraining.mean": {
            "value": 1.0,
            "min": 1.0,
            "max": 1.0,
            "count": 17
        },
        "MoveThroughCheckpoints.IsTraining.sum": {
            "value": 1.0,
            "min": 1.0,
            "max": 1.0,
            "count": 17
        }
    },
    "metadata": {
        "timer_format_version": "0.1.0",
        "start_time_seconds": "1683733651",
        "python_version": "3.7.9 (tags/v3.7.9:13c94747c7, Aug 17 2020, 18:58:18) [MSC v.1900 64 bit (AMD64)]",
        "command_line_arguments": "D:\\Study\\Unity Projects\\Repeatments\\AI Car\\venv\\Scripts\\mlagents-learn training_config.yaml --run-id=releaseTraining1 --time-scale=1",
        "mlagents_version": "0.29.0",
        "mlagents_envs_version": "0.29.0",
        "communication_protocol_version": "1.5.0",
        "pytorch_version": "1.7.1+cpu",
        "numpy_version": "1.21.2",
        "end_time_seconds": "1683735763"
    },
    "total": 2111.9632459,
    "count": 1,
    "self": 0.008568800000375631,
    "children": {
        "run_training.setup": {
            "total": 0.24464979999999947,
            "count": 1,
            "self": 0.24464979999999947
        },
        "TrainerController.start_learning": {
            "total": 2111.7100272999996,
            "count": 1,
            "self": 2.7877114999719197,
            "children": {
                "TrainerController._reset_env": {
                    "total": 9.2493213,
                    "count": 1,
                    "self": 9.2493213
                },
                "TrainerController.advance": {
                    "total": 2099.5905099000283,
                    "count": 73365,
                    "self": 2.955582900038735,
                    "children": {
                        "env_step": {
                            "total": 1700.020326,
                            "count": 73365,
                            "self": 1508.5907961999765,
                            "children": {
                                "SubprocessEnvManager._take_step": {
                                    "total": 189.5135598000009,
                                    "count": 73365,
                                    "self": 8.319320800010644,
                                    "children": {
                                        "TorchPolicy.evaluate": {
                                            "total": 181.19423899999026,
                                            "count": 73365,
                                            "self": 41.240245599986764,
                                            "children": {
                                                "TorchPolicy.sample_actions": {
                                                    "total": 139.9539934000035,
                                                    "count": 73365,
                                                    "self": 139.9539934000035
                                                }
                                            }
                                        }
                                    }
                                },
                                "workers": {
                                    "total": 1.9159700000226643,
                                    "count": 73364,
                                    "self": 0.0,