{
    "name": "root",
    "gauges": {
        "MoveThroughCheckpoints.Policy.Entropy.mean": {
            "value": 1.9747775793075562,
            "min": 1.9747775793075562,
            "max": 1.9747775793075562,
            "count": 1
        },
        "MoveThroughCheckpoints.Policy.Entropy.sum": {
            "value": 98762.578125,
            "min": 98762.578125,
            "max": 98762.578125,
            "count": 1
        },
        "MoveThroughCheckpoints.Step.mean": {
            "value": 49948.0,
            "min": 49948.0,
            "max": 49948.0,
            "count": 1
        },
        "MoveThroughCheckpoints.Step.sum": {
            "value": 49948.0,
            "min": 49948.0,
            "max": 49948.0,
            "count": 1
        },
        "MoveThroughCheckpoints.Policy.ExtrinsicValueEstimate.mean": {
            "value": 0.12368448078632355,
            "min": 0.12368448078632355,
            "max": 0.12368448078632355,
            "count": 1
        },
        "MoveThroughCheckpoints.Policy.ExtrinsicValueEstimate.sum": {
            "value": 98.82389831542969,
            "min": 98.82389831542969,
            "max": 98.82389831542969,
            "count": 1
        },
        "MoveThroughCheckpoints.Policy.GailValueEstimate.mean": {
            "value": 6.647113800048828,
            "min": 6.647113800048828,
            "max": 6.647113800048828,
            "count": 1
        },
        "MoveThroughCheckpoints.Policy.GailValueEstimate.sum": {
            "value": 5311.0439453125,
            "min": 5311.0439453125,
            "max": 5311.0439453125,
            "count": 1
        },
        "MoveThroughCheckpoints.Environment.EpisodeLength.mean": {
            "value": 1499.0,
            "min": 1499.0,
            "max": 1499.0,
            "count": 1
        },
        "MoveThroughCheckpoints.Environment.EpisodeLength.sum": {
            "value": 49467.0,
            "min": 49467.0,
            "max": 49467.0,
            "count": 1
        },
        "MoveThroughCheckpoints.Environment.CumulativeReward.mean": {
            "value": -8.993270690016674,
            "min": -8.993270690016674,
            "max": -8.993270690016674,
            "count": 1
        },
        "MoveThroughCheckpoints.Environment.CumulativeReward.sum": {
            "value": -296.77793277055025,
            "min": -296.77793277055025,
            "max": -296.77793277055025,
            "count": 1
        },
        "MoveThroughCheckpoints.Policy.ExtrinsicReward.mean": {
            "value": -0.8993270893891653,
            "min": -0.8993270893891653,
            "max": -0.8993270893891653,
            "count": 1
        },
        "MoveThroughCheckpoints.Policy.ExtrinsicReward.sum": {
            "value": -29.677793949842453,
            "min": -29.677793949842453,
            "max": -29.677793949842453,
            "count": 1
        },
        "MoveThroughCheckpoints.Policy.GailReward.mean": {
            "value": 1115.8164015394268,
            "min": 1115.8164015394268,
            "max": 1115.8164015394268,
            "count": 1
        },
        "MoveThroughCheckpoints.Policy.GailReward.sum": {
            "value": 36821.94125080109,
            "min": 36821.94125080109,
            "max": 36821.94125080109,
            "count": 1
        },
        "MoveThroughCheckpoints.Losses.PolicyLoss.mean": {
            "value": 0.025471911089698554,
            "min": 0.025471911089698554,
            "max": 0.025471911089698554,
            "count": 1
        },
        "MoveThroughCheckpoints.Losses.PolicyLoss.sum": {
            "value": 0.10188764435879422,
            "min": 0.10188764435879422,
            "max": 0.10188764435879422,
            "count": 1
        },
        "MoveThroughCheckpoints.Losses.ValueLoss.mean": {
            "value": 32.84660669962565,
            "min": 32.84660669962565,
            "max": 32.84660669962565,
            "count": 1
        },
        "MoveThroughCheckpoints.Losses.ValueLoss.sum": {
            "value": 131.3864267985026,
            "min": 131.3864267985026,
            "max": 131.3864267985026,
            "count": 1
        },
        "MoveThroughCheckpoints.Policy.LearningRate.mean": {
            "value": 0.00029846124051292,
            "min": 0.00029846124051292,
            "max": 0.00029846124051292,
            "count": 1
        },
        "MoveThroughCheckpoints.Policy.LearningRate.sum": {
            "value": 0.00119384496205168,
            "min": 0.00119384496205168,
            "max": 0.00119384496205168,
            "count": 1
        },
        "MoveThroughCheckpoints.Policy.Epsilon.mean": {
            "value": 0.19948707999999998,
            "min": 0.19948707999999998,
            "max": 0.19948707999999998,
            "count": 1
        },
        "MoveThroughCheckpoints.Policy.Epsilon.sum": {
            "value": 0.7979483199999999,
            "min": 0.7979483199999999,
            "max": 0.7979483199999999,
            "count": 1
        },
        "MoveThroughCheckpoints.Policy.Beta.mean": {
            "value": 0.004974405292000002,
            "min": 0.004974405292000002,
            "max": 0.004974405292000002,
            "count": 1
        },
        "MoveThroughCheckpoints.Policy.Beta.sum": {
            "value": 0.019897621168000007,
            "min": 0.019897621168000007,
            "max": 0.019897621168000007,
            "count": 1
        },
        "MoveThroughCheckpoints.Policy.GAILPolicyEstimate.mean": {
            "value": 0.46470608487725257,
            "min": 0.46470608487725257,
            "max": 0.46470608487725257,
            "count": 1
        },
        "MoveThroughCheckpoints.Policy.GAILPolicyEstimate.sum": {
            "value": 1.8588243395090103,
            "min": 1.8588243395090103,
            "max": 1.8588243395090103,
            "count": 1
        },
        "MoveThroughCheckpoints.Policy.GAILExpertEstimate.mean": {
            "value": 0.5682915275295575,
            "min": 0.5682915275295575,
            "max": 0.5682915275295575,
            "count": 1
        },
        "MoveThroughCheckpoints.Policy.GAILExpertEstimate.sum": {
            "value": 2.27316611011823,
            "min": 2.27316611011823,
            "max": 2.27316611011823,
            "count": 1
        },
        "MoveThroughCheckpoints.Losses.GAILLoss.mean": {
            "value": 1.269073242942492,
            "min": 1.269073242942492,
            "max": 1.269073242942492,
            "count": 1
        },
        "MoveThroughCheckpoints.Losses.GAILLoss.sum": {
            "value": 5.076292971769968,
            "min": 5.076292971769968,
            "max": 5.076292971769968,
            "count": 1
        },
        "MoveThroughCheckpoints.Policy.GAILGradMagLoss.mean": {
            "value": 4.526598974193136,
            "min": 4.526598974193136,
            "max": 4.526598974193136,
            "count": 1
        },
        "MoveThroughCheckpoints.Policy.GAILGradMagLoss.sum": {
            "value": 18.106395896772543,
            "min": 18.106395896772543,
            "max": 18.106395896772543,
            "count": 1
        },
        "MoveThroughCheckpoints.Losses.PretrainingLoss.mean": {
            "value": 1.844025520664273,
            "min": 1.844025520664273,
            "max": 1.844025520664273,
            "count": 1
        },
        "MoveThroughCheckpoints.Losses.PretrainingLoss.sum": {
            "value": 7.376102082657092,
            "min": 7.376102082657092,
            "max": 7.376102082657092,
            "count": 1
        },
        "MoveThroughCheckpoints.IsTraining.mean": {
            "value": 1.0,
            "min": 1.0,
            "max": 1.0,
            "count": 1
        },
        "MoveThroughCheckpoints.IsTraining.sum": {
            "value": 1.0,
            "min": 1.0,
            "max": 1.0,
            "count": 1
        }
    },
    "metadata": {
        "timer_format_version": "0.1.0",