{
    "name": "root",
    "gauges": {
        "MoveThroughCheckpoints.Policy.Entropy.mean": {
            "value": 1.310624122619629,
            "min": 1.310624122619629,
            "max": 2.088019371032715,
            "count": 29
        },
        "MoveThroughCheckpoints.Policy.Entropy.sum": {
            "value": 65510.23828125,
            "min": 65510.23828125,
            "max": 104350.8515625,
            "count": 29
        },
        "MoveThroughCheckpoints.Step.mean": {
            "value": 1899953.0,
            "min": 499966.0,
            "max": 1899953.0,
            "count": 29
        },
        "MoveThroughCheckpoints.Step.sum": {
            "value": 1899953.0,
            "min": 499966.0,
            "max": 1899953.0,
            "count": 29
        },
        "MoveThroughCheckpoints.Policy.ExtrinsicValueEstimate.mean": {
            "value": 0.39984574913978577,
            "min": -0.993184506893158,
            "max": 0.3998520076274872,
            "count": 29
        },
        "MoveThroughCheckpoints.Policy.ExtrinsicValueEstimate.sum": {
            "value": 312.279541015625,
            "min": -806.4658203125,
            "max": 312.62896728515625,
            "count": 29
        },
        "MoveThroughCheckpoints.Environment.EpisodeLength.mean": {
            "value": 1926.111111111111,
            "min": 388.93548387096774,
            "max": 1926.111111111111,
            "count": 7
        },
        "MoveThroughCheckpoints.Environment.EpisodeLength.sum": {
            "value": 34670.0,
            "min": 34670.0,
            "max": 50256.0,
            "count": 7
        },
        "MoveThroughCheckpoints.Environment.CumulativeReward.mean": {
            "value": -4.176525655616489,
            "min": -6.048542249523213,
            "max": -3.006561776280011,
            "count": 7
        },
        "MoveThroughCheckpoints.Environment.CumulativeReward.sum": {
            "value": -75.1774618010968,
            "min": -479.329794020392,
            "max": -75.1774618010968,
            "count": 7
        },
        "MoveThroughCheckpoints.Policy.ExtrinsicReward.mean": {
            "value": -4.176525655616489,
            "min": -6.048542249523213,
            "max": -3.006561776280011,
            "count": 7
        },
        "MoveThroughCheckpoints.Policy.ExtrinsicReward.sum": {
            "value": -75.1774618010968,
            "min": -479.329794020392,
            "max": -75.1774618010968,
            "count": 7
        },
        "MoveThroughCheckpoints.Losses.PolicyLoss.mean": {
            "value": 0.023990680989130247,
            "min": 0.02155264570824026,
            "max": 0.026918641751399262,
            "count": 29
        },
        "MoveThroughCheckpoints.Losses.PolicyLoss.sum": {
            "value": 0.11995340494565124,
            "min": 0.08962216243752816,
            "max": 0.13367565250118787,
            "count": 29
        },
        "MoveThroughCheckpoints.Losses.ValueLoss.mean": {
            "value": 7.181819546531187e-07,
            "min": 7.181819546531187e-07,
            "max": 0.12739767196588217,
            "count": 29
        },
        "MoveThroughCheckpoints.Losses.ValueLoss.sum": {
            "value": 3.5909097732655935e-06,
            "min": 3.056002068054416e-06,
            "max": 0.6369883598294108,
            "count": 29
        },
        "MoveThroughCheckpoints.Policy.LearningRate.mean": {
            "value": 0.00024382510872496995,
            "min": 0.00024382510872496995,
            "max": 0.00028567959477347,
            "count": 29
        },
        "MoveThroughCheckpoints.Policy.LearningRate.sum": {
            "value": 0.0012191255436248497,
            "min": 0.00098704699098436,
            "max": 0.0014214638961787098,
            "count": 29
        },
        "MoveThroughCheckpoints.Policy.Epsilon.mean": {
            "value": 0.18127503000000003,
            "min": 0.18127503000000003,
            "max": 0.19522653,
            "count": 29
        },
        "MoveThroughCheckpoints.Policy.Epsilon.sum": {
            "value": 0.9063751500000001,
            "min": 0.7290156400000001,
            "max": 0.9738212900000001,
            "count": 29
        },
        "MoveThroughCheckpoints.Policy.Beta.mean": {
            "value": 0.004065623997000001,
            "min": 0.004065623997000001,
            "max": 0.004761803847,
            "count": 29
        },
        "MoveThroughCheckpoints.Policy.Beta.sum": {
            "value": 0.020328119985000004,
            "min": 0.016457880435999998,
            "max": 0.023693682371000002,
            "count": 29
        },
        "MoveThroughCheckpoints.IsTraining.mean": {
            "value": 1.0,
            "min": 1.0,
            "max": 1.0,
            "count": 29
        },
        "MoveThroughCheckpoints.IsTraining.sum": {
            "value": 1.0,
            "min": 1.0,
            "max": 1.0,
            "count": 29
        }
    },
    "metadata": {
        "timer_format_version": "0.1.0",
        "start_time_seconds": "1683068757",
        "python_version": "3.7.9 (tags/v3.7.9:13c94747c7, Aug 17 2020, 18:58:18) [MSC v.1900 64 bit (AMD64)]",
        "command_line_arguments": "D:\\Study\\Unity Projects\\Repeatments\\AI Car\\venv\\Scripts\\mlagents-learn training_config.yaml --run-id=NightMode --time-scale 5 --resume",
        "mlagents_version": "0.29.0",
        "mlagents_envs_version": "0.29.0",
        "communication_protocol_version": "1.5.0",
        "pytorch_version": "1.7.1+cpu",
        "numpy_version": "1.21.2",
        "end_time_seconds": "1683080987"
    },
    "total": 12230.5821913,
    "count": 1,
    "self": 0.010381000000052154,
    "children": {
        "run_training.setup": {
            "total": 0.13259350000000003,
            "count": 1,
            "self": 0.13259350000000003
        },
        "TrainerController.start_learning": {
            "total": 12230.4392168,
            "count": 1,
            "self": 38.98980840095828,
            "children": {
                "TrainerController._reset_env": {
                    "total": 11.2538452,
                    "count": 1,
                    "self": 11.2538452
                },
                "TrainerController.advance": {
                    "total": 12180.08573689904,
                    "count": 1471194,
                    "self": 37.631661698287644,
                    "children": {
                        "env_step": {
                            "total": 11476.232820600031,
                            "count": 1471194,
                            "self": 8941.100329299948,
                            "children": {
                                "SubprocessEnvManager._take_step": {
                                    "total": 2508.097359899527,
                                    "count": 1471194,
                                    "self": 100.00754910018259,
                                    "children": {
                                        "TorchPolicy.evaluate": {
                                            "total": 2408.0898107993444,
                                            "count": 1471194,
                                            "self": 587.118784999506,
                                            "children": {
                                                "TorchPolicy.sample_actions": {
                                                    "total": 1820.9710257998383,
                                                    "count": 1471194,
                                                    "self": 1820.9710257998383
                                                }
                                            }
                                        }
                                    }
                                },
                                "workers": {
                                    "total": 27.03513140055665,
                                    "count": 1471193,